Location,Temperature_C,Humidity_pct,Wind_Speed_kmh,Date_Time
Philadelphia,-8.63,54.07,26.37,2/26/2024 17:32
New York,-6.89,30.80,16.85,1/25/2024 19:04
New York,0.96,38.82,7.99,3/29/2024 5:20
New York,35.15,54.75,25.43,3/4/2024 13:47
Dallas,32.02,53.19,3.05,2/27/2024 21:07
Philadelphia,28.29,35.24,14.07,3/9/2024 1:51
Chicago,26.79,31.51,22.98,1/6/2024 2:59
New York,-7.38,54.09,6.64,2/19/2024 12:26
New York,14.57,41.35,4.78,1/4/2024 21:41
Los Angeles,-2.41,46.83,7.44,2/15/2024 20:47
New York,-2.86,53.40,28.52,2/2/2024 2:17
Dallas,12.87,44.73,5.57,2/22/2024 14:16
Chicago,17.59,32.82,0.23,4/16/2024 0:07
Philadelphia,0.35,88.02,21.67,4/20/2024 9:34
Dallas,17.44,56.21,9.50,3/22/2024 2:34
Philadelphia,23.41,78.91,3.68,3/16/2024 23:47
Chicago,-2.56,30.36,2.60,4/1/2024 3:12
New York,8.86,71.49,21.90,4/21/2024 10:17
Dallas,6.51,42.01,18.39,4/3/2024 22:07
New York,38.55,40.45,13.26,2/19/2024 19:53
Philadelphia,-2.02,36.06,18.62,5/18/2024 2:32
Chicago,7.17,50.38,11.84,4/3/2024 12:07
Chicago,38.39,74.05,3.29,4/5/2024 13:22
Philadelphia,7.11,79.18,22.36,3/26/2024 12:45
New York,-0.07,57.84,20.62,3/27/2024 22:42
New York,19.50,30.73,9.21,2/19/2024 22:13
Philadelphia,23.03,61.84,23.05,3/15/2024 1:56
Chicago,8.71,85.23,20.62,1/25/2024 8:21
Dallas,-5.38,84.48,28.51,5/6/2024 17:55
Los Angeles,30.73,64.88,29.13,2/5/2024 12:16
Chicago,-2.58,33.06,12.46,3/5/2024 19:08
Los Angeles,31.73,65.33,19.71,2/6/2024 19:02
New York,30.71,54.76,4.72,3/16/2024 8:16
New York,6.93,85.19,13.20,5/4/2024 6:50
New York,35.45,48.51,20.97,2/16/2024 4:53
Los Angeles,33.34,83.38,17.43,1/6/2024 19:12
Dallas,-2.99,58.63,20.08,1/15/2024 12:05
Dallas,-8.96,80.73,4.02,4/15/2024 13:57
Chicago,15.80,51.62,23.72,1/22/2024 1:57
Philadelphia,-5.13,66.59,9.96,4/25/2024 1:43
Los Angeles,-3.09,58.56,20.47,5/17/2024 9:13
Dallas,13.23,80.16,19.61,2/17/2024 0:26
Los Angeles,29.29,37.25,21.53,5/5/2024 12:20
Los Angeles,-4.00,71.74,20.26,4/3/2024 8:14
Philadelphia,1.26,31.20,18.37,1/28/2024 4:20
Philadelphia,20.95,45.52,13.04,5/10/2024 11:49
Chicago,2.69,46.19,10.96,4/10/2024 21:27
Philadelphia,5.42,79.81,25.59,1/14/2024 23:48
Chicago,26.46,38.67,9.30,1/8/2024 16:30
Chicago,8.35,31.26,13.08,2/16/2024 5:35
New York,7.42,72.93,9.34,5/18/2024 16:41
Dallas,-6.23,78.59,24.15,5/13/2024 4:18
New York,-2.92,63.31,16.57,2/14/2024 20:17
Dallas,18.72,67.43,7.48,2/11/2024 10:16
Dallas,16.68,36.74,3.40,2/8/2024 19:49
Los Angeles,11.96,40.43,2.67,4/2/2024 21:49
New York,30.18,60.32,7.08,4/27/2024 17:15
Chicago,1.21,45.24,18.29,3/14/2024 9:43
Los Angeles,21.41,82.25,20.53,4/9/2024 1:55
Los Angeles,36.53,41.32,25.85,2/12/2024 2:07
Chicago,25.40,84.49,17.64,4/21/2024 12:26
Dallas,14.07,51.23,13.34,3/5/2024 2:38
Chicago,16.51,36.45,18.54,4/19/2024 9:02
Philadelphia,35.44,61.56,15.22,3/25/2024 15:01
Dallas,7.50,30.36,4.43,2/8/2024 4:48
Los Angeles,29.51,60.66,15.76,1/6/2024 22:07
Dallas,21.55,87.40,8.44,3/28/2024 1:25
Chicago,-0.83,84.58,18.79,4/13/2024 8:56
Los Angeles,-4.46,52.63,4.33,3/16/2024 11:08
Philadelphia,-0.05,42.82,19.52,4/3/2024 16:17
Los Angeles,15.58,85.13,25.71,2/22/2024 17:28
Philadelphia,-7.35,39.77,7.32,1/25/2024 4:48
Dallas,-9.64,45.49,29.43,1/31/2024 5:27
Chicago,38.50,49.02,20.18,1/16/2024 7:06
Los Angeles,-3.49,63.79,10.53,4/1/2024 9:32
New York,16.84,84.03,11.85,5/16/2024 23:02
Dallas,9.89,56.36,22.83,1/14/2024 2:38
Philadelphia,-1.43,37.66,2.92,5/6/2024 6:12
Los Angeles,21.10,39.46,11.63,1/3/2024 13:58
Dallas,3.64,46.18,5.38,2/19/2024 8:52
Los Angeles,0.12,55.50,29.68,3/13/2024 23:10
Philadelphia,-3.43,70.57,12.49,3/20/2024 18:30
Dallas,17.68,39.67,0.22,1/11/2024 22:58
Philadelphia,24.22,50.78,27.51,4/27/2024 4:03
Los Angeles,28.31,36.31,28.10,3/9/2024 1:20
Philadelphia,3.28,67.92,4.30,2/9/2024 2:17
Philadelphia,-9.72,72.07,0.34,2/23/2024 14:13
Los Angeles,19.59,32.62,6.29,1/12/2024 22:38
Los Angeles,-4.00,86.39,3.77,4/19/2024 11:15
Los Angeles,35.28,82.20,29.15,1/26/2024 4:30
Chicago,38.48,72.84,0.30,3/25/2024 3:34
New York,24.29,41.00,12.25,2/24/2024 14:28
Dallas,4.47,42.25,26.11,3/29/2024 4:24
New York,34.12,50.84,16.47,2/3/2024 2:06
Chicago,19.72,33.16,26.34,3/29/2024 5:06
Chicago,31.21,48.89,28.94,2/10/2024 23:50
Los Angeles,11.07,39.31,9.39,5/4/2024 22:03
Philadelphia,38.30,32.30,23.00,4/28/2024 12:04
Philadelphia,-4.14,43.39,23.76,4/5/2024 14:42
Dallas,6.02,39.60,20.82,5/7/2024 14:24
Los Angeles,36.36,67.37,8.21,4/25/2024 9:48
Dallas,36.14,58.05,1.62,2/12/2024 0:49
Los Angeles,24.72,78.37,4.78,3/23/2024 17:41
Dallas,13.49,75.19,16.20,3/6/2024 4:07
Los Angeles,8.88,49.71,10.41,4/27/2024 1:35
Philadelphia,11.23,36.93,7.62,1/21/2024 22:53
Los Angeles,30.59,83.45,18.82,1/10/2024 19:17
Dallas,0.92,40.89,29.07,5/5/2024 17:16
Los Angeles,-3.49,43.51,0.67,3/8/2024 5:59
Los Angeles,0.80,34.46,10.35,4/17/2024 14:30
Los Angeles,22.78,42.12,22.41,3/28/2024 21:11
Los Angeles,-4.84,38.96,26.46,1/4/2024 6:43
Philadelphia,25.92,43.98,28.89,2/10/2024 22:24
Dallas,19.10,66.20,15.96,2/3/2024 13:23
Chicago,-0.86,50.98,10.93,3/6/2024 9:25
Los Angeles,9.96,62.25,28.57,3/5/2024 6:39
Dallas,3.06,86.86,23.00,2/25/2024 23:44
Chicago,-6.61,68.63,1.74,3/27/2024 15:49
Chicago,12.57,36.02,4.09,3/15/2024 19:23
Los Angeles,28.86,37.04,25.07,4/23/2024 21:59
Philadelphia,2.02,57.28,1.93,3/10/2024 4:21
Chicago,-0.87,78.55,19.22,3/22/2024 11:54
Philadelphia,36.72,49.81,6.20,1/1/2024 6:47
Dallas,-9.36,75.71,27.71,3/2/2024 4:49
Los Angeles,14.14,46.99,9.04,4/22/2024 3:54
Los Angeles,-1.80,48.81,12.00,3/18/2024 13:22
Los Angeles,20.04,34.25,21.26,3/10/2024 21:31
New York,33.19,79.98,1.34,5/2/2024 17:45
Philadelphia,37.52,59.18,20.96,4/2/2024 23:06
New York,2.40,42.34,29.72,2/14/2024 20:21
Los Angeles,26.90,53.06,17.44,5/12/2024 3:52
Chicago,19.44,57.53,29.66,1/11/2024 17:00
Los Angeles,23.06,78.22,2.21,3/9/2024 4:18
Philadelphia,27.82,69.99,1.22,4/4/2024 18:34
Chicago,22.20,31.11,8.34,2/29/2024 3:50
Chicago,0.35,40.75,8.36,3/7/2024 15:52
Philadelphia,29.62,80.30,0.91,1/28/2024 23:46
Los Angeles,0.90,73.78,14.42,4/9/2024 3:19
New York,7.44,48.77,1.67,2/9/2024 8:47
Chicago,19.69,71.91,1.82,3/27/2024 10:39
Chicago,39.40,80.46,28.89,5/5/2024 21:35
Chicago,23.91,39.02,22.32,4/4/2024 23:41
New York,4.83,51.19,2.61,1/16/2024 15:30
Dallas,2.26,63.33,13.79,3/4/2024 17:11
Los Angeles,-3.53,51.70,11.08,4/1/2024 5:02
Dallas,-7.66,53.07,3.19,4/17/2024 0:39
Philadelphia,26.65,41.26,20.49,1/25/2024 0:58
Chicago,6.08,86.33,5.12,1/24/2024 1:21
Chicago,-6.49,48.23,5.42,3/18/2024 1:45
Los Angeles,31.66,30.18,4.26,4/12/2024 12:41
Los Angeles,1.86,43.44,26.63,3/9/2024 6:20
New York,19.59,71.00,24.53,3/12/2024 15:44
Chicago,0.56,75.58,24.42,5/11/2024 9:43
Philadelphia,25.22,45.19,27.71,3/28/2024 1:35
Los Angeles,-4.42,84.86,21.97,3/28/2024 2:33
New York,20.76,85.52,8.80,5/2/2024 18:38
Dallas,6.77,70.67,28.72,5/16/2024 0:19
Dallas,30.69,79.26,25.04,1/30/2024 17:09
Philadelphia,-7.33,58.08,4.70,3/17/2024 6:56
Chicago,38.28,84.57,1.67,4/4/2024 9:04
Dallas,1.15,80.62,28.46,4/29/2024 18:07
Dallas,12.42,72.51,24.95,5/13/2024 1:39
Dallas,-6.78,55.00,11.69,2/21/2024 4:56
Los Angeles,7.45,85.51,14.71,3/29/2024 20:03
Chicago,9.81,69.25,19.52,4/7/2024 20:35
Dallas,34.37,60.96,10.62,2/21/2024 22:17
Los Angeles,0.58,35.20,27.40,4/22/2024 6:45
Dallas,25.14,51.96,20.11,5/7/2024 9:44
Chicago,17.29,45.13,21.56,3/24/2024 17:44
Dallas,27.47,89.62,11.15,4/28/2024 21:44
New York,-7.01,76.10,6.65,2/4/2024 0:12
New York,35.46,44.58,5.74,5/10/2024 11:58
Chicago,-6.33,35.19,28.78,1/3/2024 22:26
New York,23.06,72.87,0.76,4/22/2024 19:57
New York,19.95,84.81,29.45,5/16/2024 1:36
New York,30.16,50.50,27.46,3/22/2024 11:30
Dallas,32.79,59.48,6.18,4/7/2024 7:56
Philadelphia,30.55,45.73,27.89,1/21/2024 23:26
New York,-6.40,43.67,26.53,3/5/2024 16:53
Dallas,-5.32,42.80,27.97,2/24/2024 21:37
Los Angeles,13.69,30.49,16.55,3/27/2024 20:35
Philadelphia,4.49,88.23,14.74,4/27/2024 22:46
New York,12.82,46.81,22.51,1/16/2024 2:35
Dallas,24.26,41.57,27.25,3/10/2024 22:10
New York,8.70,48.71,2.23,5/9/2024 11:53
Philadelphia,13.76,79.86,4.79,2/29/2024 0:40
Chicago,37.68,53.32,19.23,3/25/2024 9:31
Philadelphia,38.59,53.15,20.70,1/31/2024 9:12
New York,-8.67,30.41,3.10,2/11/2024 3:46
Chicago,26.31,70.34,28.49,2/15/2024 1:04
Dallas,0.32,39.14,26.28,4/12/2024 10:59
Philadelphia,1.34,44.70,12.01,2/5/2024 5:51
Los Angeles,32.58,41.13,1.87,3/7/2024 11:21
Philadelphia,-0.68,71.40,0.26,4/19/2024 9:32
Chicago,3.74,53.24,12.85,3/2/2024 19:46
Los Angeles,26.54,30.54,15.91,1/31/2024 12:58
Los Angeles,19.39,90.00,20.23,4/22/2024 19:01
Chicago,-6.54,42.74,6.81,3/30/2024 23:41
Chicago,27.79,86.12,6.95,1/26/2024 9:12
New York,27.52,65.26,12.73,4/1/2024 11:24
Dallas,27.87,89.73,9.93,3/2/2024 6:15
Dallas,10.73,87.11,3.96,2/10/2024 21:43
Chicago,30.02,44.48,5.88,5/16/2024 8:37
Philadelphia,25.36,65.65,12.92,4/16/2024 9:53
Dallas,-4.51,64.03,1.91,2/13/2024 3:31
Chicago,37.47,30.77,11.72,2/19/2024 13:14
Chicago,-8.24,30.78,26.92,1/27/2024 9:00
Dallas,35.52,51.86,16.76,1/17/2024 16:20
Philadelphia,-7.01,37.29,11.13,4/2/2024 15:50
New York,25.17,79.42,29.53,2/3/2024 23:27
Chicago,-9.16,34.66,16.73,4/15/2024 19:23
Chicago,-8.86,73.23,7.04,4/20/2024 15:09
Los Angeles,15.99,44.41,5.70,3/9/2024 21:28
New York,18.09,85.75,11.63,4/2/2024 15:43
Philadelphia,12.33,84.15,24.76,3/8/2024 5:59
Dallas,8.14,49.93,6.34,3/12/2024 21:33
Dallas,27.93,34.59,19.71,1/27/2024 15:07
Chicago,6.45,86.78,7.05,4/9/2024 6:31
Philadelphia,17.81,80.09,14.71,2/11/2024 6:55
Chicago,5.23,48.09,5.98,2/3/2024 1:29
Los Angeles,37.99,80.87,14.22,5/10/2024 15:20
Los Angeles,32.51,70.59,14.44,3/3/2024 6:55
Los Angeles,28.27,60.97,29.28,2/19/2024 6:18
New York,21.39,65.71,16.62,3/21/2024 14:44
Philadelphia,11.50,78.02,14.62,1/18/2024 22:34
Los Angeles,12.28,85.03,13.40,1/9/2024 14:47
Philadelphia,37.72,71.76,13.78,5/9/2024 12:30
Dallas,39.82,51.08,14.06,5/3/2024 5:28
Philadelphia,0.63,57.25,19.44,4/3/2024 4:49
Chicago,34.53,60.28,11.50,5/16/2024 21:46
Philadelphia,18.28,43.43,29.86,2/11/2024 0:40
Dallas,25.67,63.89,12.25,4/6/2024 15:59
Los Angeles,23.08,36.07,14.04,3/24/2024 3:25
Philadelphia,-5.83,41.90,11.82,3/7/2024 5:38
Dallas,25.15,32.03,14.20,5/13/2024 19:49
Dallas,20.23,89.97,20.28,1/23/2024 1:18
Philadelphia,4.02,73.23,13.35,5/4/2024 10:56
Philadelphia,2.53,42.28,10.10,3/12/2024 17:00
Philadelphia,-7.71,63.85,16.01,3/23/2024 4:14
New York,-2.82,50.44,11.52,4/6/2024 21:54
Philadelphia,-2.16,85.05,23.19,2/3/2024 6:24
Los Angeles,35.06,89.69,13.76,2/28/2024 11:05
Los Angeles,36.69,43.94,13.66,2/19/2024 13:15
New York,34.84,77.57,25.22,2/14/2024 18:11
New York,5.40,48.34,12.99,1/15/2024 21:43
Los Angeles,15.57,71.62,28.71,5/2/2024 7:35
Dallas,16.69,64.68,14.29,3/25/2024 12:34
Chicago,25.11,60.39,20.23,5/7/2024 19:49
Los Angeles,14.37,65.66,15.17,3/3/2024 7:37
Chicago,36.60,44.14,28.20,3/3/2024 23:53
New York,21.75,40.60,2.24,2/23/2024 10:13
Los Angeles,38.58,68.50,15.01,4/18/2024 23:51
Chicago,29.93,40.29,16.48,2/2/2024 13:42
New York,20.16,87.64,28.27,4/22/2024 0:55
Chicago,5.32,37.05,3.11,4/20/2024 18:49
Dallas,10.01,36.33,20.42,3/28/2024 23:41
New York,20.32,46.61,19.89,3/13/2024 8:31
Philadelphia,-2.45,69.13,2.88,5/8/2024 18:52
Philadelphia,16.32,63.24,24.25,2/22/2024 5:47
Los Angeles,1.72,82.27,3.68,2/14/2024 19:04
New York,-2.13,80.53,15.21,4/2/2024 15:29
Philadelphia,18.43,88.75,2.21,2/26/2024 10:50
Dallas,34.48,62.98,15.52,1/9/2024 21:42
Los Angeles,2.65,73.92,28.42,3/28/2024 12:03
New York,19.63,67.84,17.58,3/29/2024 16:33
New York,13.50,81.62,18.53,5/7/2024 9:17
Philadelphia,39.08,49.94,18.77,3/24/2024 13:00
Dallas,30.83,85.79,13.34,2/13/2024 2:14
Philadelphia,7.20,47.96,19.38,3/26/2024 2:23
Philadelphia,1.72,63.82,5.78,4/22/2024 21:31
Chicago,39.82,74.84,18.45,3/31/2024 12:54
New York,4.73,88.40,8.45,2/6/2024 4:17
Chicago,6.03,40.40,24.34,3/24/2024 17:10
Los Angeles,22.75,41.18,1.95,1/1/2024 23:47
Chicago,-4.34,57.44,23.10,5/1/2024 14:42
Los Angeles,30.19,30.27,17.13,5/14/2024 3:52
New York,29.71,31.76,8.70,3/12/2024 1:44
New York,24.94,78.84,29.60,2/15/2024 7:19
Los Angeles,32.80,44.75,4.89,3/14/2024 18:50
Philadelphia,11.49,60.39,7.18,5/5/2024 3:06
New York,-4.46,81.95,21.43,3/8/2024 19:10
Chicago,39.63,85.86,24.08,4/21/2024 17:51
Dallas,26.02,75.94,2.65,2/2/2024 22:28
Philadelphia,27.10,52.14,20.63,4/8/2024 7:55
New York,-6.65,39.66,17.90,1/11/2024 18:32
New York,-8.78,53.27,11.69,5/12/2024 15:48
Chicago,20.53,49.01,16.23,4/1/2024 19:37
New York,36.64,37.29,6.37,2/19/2024 12:39
Philadelphia,8.77,58.18,8.72,3/2/2024 14:40
Philadelphia,-5.13,45.84,4.67,4/29/2024 12:13
Philadelphia,16.65,85.93,15.67,1/22/2024 12:53
New York,1.48,67.51,7.87,2/8/2024 4:49
New York,-7.97,51.54,27.06,1/2/2024 21:20
New York,30.23,84.98,9.23,1/17/2024 5:12
Dallas,11.17,43.28,2.40,2/15/2024 14:47
New York,2.50,83.67,3.93,5/7/2024 2:02
Chicago,-2.30,56.48,13.28,4/7/2024 1:15
Chicago,37.79,50.15,9.80,2/27/2024 16:46
Chicago,18.60,63.17,27.24,2/27/2024 14:20
New York,34.55,51.11,10.04,4/24/2024 16:19
New York,25.83,57.04,25.83,2/3/2024 1:16
Chicago,-2.17,33.54,27.98,4/14/2024 2:08
New York,24.03,52.21,11.38,2/18/2024 20:47
Dallas,6.13,87.12,16.72,4/24/2024 16:20
New York,6.02,40.08,20.14,4/16/2024 9:17
Chicago,18.59,35.25,3.36,3/13/2024 22:46
Los Angeles,8.99,68.50,26.10,4/21/2024 17:03
Los Angeles,18.76,64.58,0.51,2/27/2024 4:52
New York,8.64,68.30,6.58,5/17/2024 13:00
Dallas,13.20,32.32,23.30,3/24/2024 2:41
New York,16.85,37.30,3.00,2/2/2024 0:05
Chicago,17.40,88.45,26.27,2/2/2024 13:16
Dallas,36.57,69.32,18.73,5/6/2024 0:20
Dallas,7.42,79.41,25.95,5/12/2024 2:32
Philadelphia,8.34,45.41,11.64,5/8/2024 11:36
Chicago,9.32,42.24,1.75,4/11/2024 23:29
Los Angeles,32.44,34.72,29.54,1/13/2024 22:16
Los Angeles,14.49,31.97,16.05,4/7/2024 16:28
Philadelphia,25.15,62.11,20.41,4/24/2024 7:02
Chicago,10.58,50.49,15.52,4/20/2024 22:33
Philadelphia,7.61,40.94,2.35,4/4/2024 2:11
Dallas,10.54,44.23,6.86,1/24/2024 6:34
New York,4.38,61.68,17.55,2/9/2024 9:55
Chicago,-7.68,34.70,1.25,2/7/2024 1:40
New York,22.74,88.22,13.09,3/9/2024 23:36
Philadelphia,16.37,66.59,12.31,3/14/2024 23:54
Philadelphia,21.94,32.99,15.69,2/17/2024 0:32
Chicago,-5.16,74.54,5.10,1/5/2024 23:42
Los Angeles,35.31,77.50,1.82,1/14/2024 5:16
Philadelphia,11.30,43.87,27.46,1/19/2024 3:42
Chicago,28.40,64.15,5.01,3/14/2024 6:55
New York,25.96,33.14,19.57,5/10/2024 20:15
New York,15.84,30.34,18.39,4/24/2024 10:45
Dallas,5.22,46.48,14.24,3/11/2024 11:47
Dallas,-3.09,36.28,19.38,3/24/2024 20:42
Dallas,6.99,39.24,6.30,4/9/2024 9:01
Los Angeles,3.80,70.56,0.33,1/31/2024 21:31
Dallas,-6.08,89.20,13.49,2/14/2024 14:47
Los Angeles,-2.77,66.36,18.13,2/20/2024 21:49
Philadelphia,-9.22,64.39,25.72,5/6/2024 18:56
Los Angeles,30.10,59.34,9.91,4/8/2024 5:27
Dallas,21.64,31.32,18.44,1/24/2024 5:31
Chicago,20.14,86.37,5.30,3/24/2024 13:46
Philadelphia,32.26,35.56,8.58,3/23/2024 16:42
Chicago,13.93,78.12,2.77,2/21/2024 4:58
Chicago,30.99,83.72,18.11,4/30/2024 9:53
Chicago,32.66,87.01,4.52,2/15/2024 8:48
Los Angeles,13.57,57.22,3.09,2/26/2024 16:59
Chicago,-8.07,79.61,18.39,2/6/2024 21:25
Philadelphia,11.66,81.52,28.50,3/31/2024 21:24
Philadelphia,27.69,71.38,22.20,3/13/2024 6:57
Philadelphia,10.82,78.75,11.72,2/3/2024 19:46
New York,15.43,79.82,10.37,3/18/2024 19:32
New York,12.24,33.70,26.36,1/5/2024 20:02
Dallas,5.20,38.06,1.19,3/7/2024 3:29
New York,15.86,85.17,26.72,2/1/2024 21:58
Dallas,25.57,81.45,21.85,4/12/2024 0:00
Chicago,35.96,34.94,2.02,3/12/2024 11:08
Chicago,10.89,42.47,28.22,3/18/2024 16:04
Los Angeles,-4.93,55.93,13.95,5/6/2024 2:40
Los Angeles,4.09,89.91,22.80,5/12/2024 17:06
Los Angeles,-3.81,56.42,5.25,3/29/2024 16:15
New York,-6.32,55.33,5.75,3/30/2024 4:54
Philadelphia,38.83,52.58,15.26,3/2/2024 12:54
Chicago,1.27,84.04,9.37,4/14/2024 0:41
New York,5.04,36.53,2.46,1/25/2024 20:22
Dallas,-3.39,36.04,3.81,4/9/2024 7:46
Dallas,16.53,74.98,8.56,2/29/2024 11:20
New York,26.45,73.17,23.21,4/26/2024 2:18
Chicago,6.57,51.08,4.24,1/30/2024 23:47
Dallas,-2.44,52.11,22.99,4/21/2024 3:39
Philadelphia,22.63,50.67,14.49,3/25/2024 21:09
Philadelphia,34.04,87.40,12.26,2/2/2024 2:03
Chicago,-4.42,72.78,2.50,4/3/2024 11:36
Los Angeles,14.78,82.28,24.89,4/24/2024 8:34
Dallas,31.98,75.84,28.55,3/18/2024 9:00
Dallas,20.45,45.56,26.94,4/16/2024 14:19
Los Angeles,20.96,62.14,17.88,2/21/2024 10:57
Dallas,-4.31,76.18,29.07,2/14/2024 2:07
Los Angeles,21.20,86.42,18.89,3/20/2024 5:47
New York,6.92,60.53,0.47,4/11/2024 9:19
Dallas,-4.42,84.05,15.08,4/22/2024 15:26
New York,39.49,32.25,23.69,1/29/2024 18:06
Dallas,32.51,49.10,8.36,2/5/2024 15:00
New York,30.09,78.44,25.74,4/9/2024 12:06
Dallas,27.76,83.82,3.59,4/7/2024 22:31
New York,24.71,40.71,16.25,2/2/2024 21:05
Philadelphia,29.29,73.28,20.76,3/8/2024 20:02
Dallas,37.84,51.98,12.15,2/25/2024 23:20
Los Angeles,26.69,33.61,11.18,3/20/2024 9:50
Dallas,31.89,40.47,17.32,2/12/2024 0:42
New York,0.13,86.94,9.51,5/18/2024 7:56
Los Angeles,9.13,48.38,16.09,5/2/2024 21:32
New York,-7.86,42.00,0.25,1/24/2024 9:35
Los Angeles,14.95,39.03,11.45,2/6/2024 1:58
Dallas,-7.82,38.78,4.14,2/19/2024 14:44
Dallas,7.54,49.34,25.09,3/11/2024 22:35
Los Angeles,27.83,89.42,25.35,3/3/2024 15:12
New York,24.53,46.51,28.37,1/5/2024 17:55
Dallas,0.36,36.64,24.17,3/2/2024 5:19
Philadelphia,30.59,33.85,27.90,2/24/2024 21:37
Dallas,-2.36,85.02,23.27,5/18/2024 11:17
Los Angeles,6.82,89.38,6.80,5/18/2024 3:24
Dallas,9.57,34.55,4.94,5/10/2024 4:17
New York,30.97,60.86,15.32,2/19/2024 18:10
New York,-7.31,79.69,18.34,3/9/2024 6:00
Dallas,10.65,35.54,7.01,4/30/2024 10:38
New York,38.86,67.61,15.22,1/16/2024 14:34
Chicago,11.37,83.93,9.31,3/4/2024 22:57
Chicago,39.08,67.56,1.85,2/21/2024 3:35
Philadelphia,-0.90,73.93,14.94,4/18/2024 7:18
New York,-3.36,35.90,26.18,5/18/2024 10:16
New York,30.08,59.27,0.59,1/27/2024 16:15
Philadelphia,25.96,81.78,13.95,3/19/2024 4:54
New York,28.59,53.83,12.57,3/21/2024 2:10
New York,-8.15,66.70,12.33,1/2/2024 5:41
New York,25.09,76.35,28.06,3/27/2024 13:12
Chicago,36.97,88.85,25.21,2/29/2024 22:40
Chicago,7.41,48.08,9.40,3/23/2024 17:24
Philadelphia,25.28,73.26,18.22,5/10/2024 4:14
Chicago,14.23,32.93,19.16,3/27/2024 11:53
Philadelphia,-8.30,63.75,29.51,4/25/2024 3:43
Chicago,5.64,73.30,27.43,3/6/2024 6:27
Philadelphia,38.38,73.56,17.18,3/17/2024 16:59
New York,-9.76,79.85,13.84,5/17/2024 6:21
Los Angeles,37.66,61.68,28.91,4/25/2024 17:54
Chicago,18.46,71.93,26.29,4/21/2024 11:17
Dallas,15.84,81.01,10.92,1/11/2024 4:18
Dallas,6.38,75.73,19.12,2/8/2024 1:25
Philadelphia,-7.10,61.62,10.29,2/7/2024 21:16
Dallas,14.59,79.45,16.00,2/19/2024 13:07
Chicago,15.72,47.51,19.90,4/12/2024 10:52
Los Angeles,30.18,42.70,8.33,3/27/2024 21:58
New York,-7.41,44.54,1.06,2/26/2024 2:46
Los Angeles,5.12,71.75,17.41,2/20/2024 8:19
Philadelphia,28.38,71.38,5.17,5/17/2024 7:10
New York,-3.95,79.70,10.25,1/10/2024 21:59
Dallas,-2.97,55.69,27.67,3/27/2024 11:59
New York,13.48,31.57,9.80,3/9/2024 19:36
New York,11.47,66.07,26.39,4/26/2024 2:15
Dallas,1.39,47.49,23.13,2/10/2024 9:51
Philadelphia,7.08,53.27,17.72,2/23/2024 17:20
Philadelphia,33.36,72.49,29.48,4/22/2024 0:01
Los Angeles,38.69,84.56,4.32,1/8/2024 6:27
Dallas,-6.03,88.11,3.03,3/29/2024 6:35
Philadelphia,20.35,67.42,25.27,2/27/2024 8:03
Dallas,35.72,66.65,26.02,4/29/2024 5:29
Philadelphia,12.61,37.51,11.94,1/10/2024 8:55
Chicago,19.11,79.95,3.49,2/13/2024 15:36
New York,0.44,81.63,27.34,2/8/2024 20:50
Philadelphia,17.45,70.47,22.83,3/11/2024 13:55
Dallas,32.65,57.48,22.92,1/17/2024 7:52
Chicago,10.45,34.39,12.91,1/3/2024 6:02
Chicago,21.20,83.48,0.72,5/15/2024 3:35
Philadelphia,9.91,50.93,15.23,1/11/2024 19:15
Chicago,-8.70,30.98,14.86,3/23/2024 21:40
Chicago,17.82,41.10,19.00,1/11/2024 5:02
Los Angeles,-7.34,49.85,21.88,4/3/2024 0:34
Dallas,0.54,43.67,6.53,2/26/2024 6:39
Los Angeles,27.52,74.55,12.82,1/9/2024 16:44
Philadelphia,36.45,44.68,18.65,1/16/2024 17:00
Los Angeles,-1.67,84.46,25.82,4/29/2024 15:53
Philadelphia,10.37,70.03,16.06,1/10/2024 20:55
Philadelphia,12.00,33.56,16.24,4/28/2024 21:24
Los Angeles,-1.69,49.26,15.27,1/23/2024 21:34
Los Angeles,9.10,55.74,19.81,1/11/2024 9:55
Chicago,27.24,57.53,22.40,4/1/2024 9:33
Philadelphia,38.05,67.54,10.42,4/13/2024 7:54
Los Angeles,8.71,68.50,5.94,3/8/2024 5:29
Philadelphia,30.70,61.87,5.56,3/19/2024 14:00
Philadelphia,14.32,58.55,0.41,4/9/2024 2:11
Chicago,5.79,36.36,19.87,4/8/2024 23:41
Dallas,-1.85,85.84,2.51,4/22/2024 21:14
Chicago,32.68,85.36,24.49,4/13/2024 4:40
Philadelphia,20.36,71.58,4.36,2/21/2024 22:16
Dallas,26.35,35.65,13.09,5/9/2024 15:00
Philadelphia,14.73,61.95,3.86,4/18/2024 6:40
Los Angeles,-8.18,87.52,18.21,4/17/2024 0:58
Dallas,33.30,32.91,2.49,1/14/2024 5:04
Chicago,33.38,34.73,13.25,2/5/2024 1:23
Chicago,20.24,52.12,7.19,4/20/2024 2:11
Chicago,4.86,45.63,25.23,4/22/2024 3:53
Los Angeles,39.46,42.93,9.57,1/6/2024 10:01
Chicago,19.96,37.98,14.99,3/22/2024 8:08
New York,25.60,76.42,15.42,5/2/2024 4:35
Dallas,30.83,38.20,9.55,2/10/2024 13:40
New York,-5.84,66.30,29.18,5/1/2024 1:33
Los Angeles,31.97,52.36,3.24,4/20/2024 20:06
New York,20.14,78.94,22.17,1/19/2024 20:59
New York,-7.14,71.59,9.96,4/25/2024 2:39
Dallas,5.44,61.48,29.56,5/9/2024 22:31
New York,13.27,51.67,8.97,2/29/2024 0:08
Los Angeles,-7.33,54.35,8.28,4/29/2024 10:31
Los Angeles,19.97,60.82,16.18,2/17/2024 23:25
Philadelphia,-3.25,42.34,3.32,2/24/2024 19:41
Dallas,35.35,66.51,16.81,4/6/2024 3:57
Los Angeles,33.80,40.55,10.46,5/15/2024 4:28
Chicago,19.86,45.88,27.25,4/9/2024 4:35
Philadelphia,21.00,61.12,12.01,5/8/2024 5:39
Los Angeles,-3.04,49.09,28.33,2/6/2024 18:00